antecedents,consequents,antecedent support,consequent support,support,confidence,lift,representativity,leverage,conviction,zhangs_metric,jaccard,certainty,kulczynski
frozenset({'办公'}),frozenset({'电子产品'}),0.42782152230971127,0.42782152230971127,0.1679790026246719,0.39263803680981596,0.9177613007640484,1.0,-0.015052252326726856,0.9420716349850208,-0.1354031108632334,0.24427480916030536,-0.06149040355715647,0.39263803680981596
frozenset({'电子产品'}),frozenset({'办公'}),0.42782152230971127,0.42782152230971127,0.1679790026246719,0.39263803680981596,0.9177613007640484,1.0,-0.015052252326726856,0.9420716349850208,-0.1354031108632334,0.24427480916030536,-0.06149040355715647,0.39263803680981596
frozenset({'家居'}),frozenset({'电子产品'}),0.42782152230971127,0.42782152230971127,0.1679790026246719,0.39263803680981596,0.9177613007640484,1.0,-0.015052252326726856,0.9420716349850208,-0.1354031108632334,0.24427480916030536,-0.06149040355715647,0.39263803680981596
frozenset({'电子产品'}),frozenset({'家居'}),0.42782152230971127,0.42782152230971127,0.1679790026246719,0.39263803680981596,0.9177613007640484,1.0,-0.015052252326726856,0.9420716349850208,-0.1354031108632334,0.24427480916030536,-0.06149040355715647,0.39263803680981596
frozenset({'服装'}),frozenset({'电子产品'}),0.42782152230971127,0.42782152230971127,0.1679790026246719,0.39263803680981596,0.9177613007640484,1.0,-0.015052252326726856,0.9420716349850208,-0.1354031108632334,0.24427480916030536,-0.06149040355715647,0.39263803680981596
frozenset({'电子产品'}),frozenset({'服装'}),0.42782152230971127,0.42782152230971127,0.1679790026246719,0.39263803680981596,0.9177613007640484,1.0,-0.015052252326726856,0.9420716349850208,-0.1354031108632334,0.24427480916030536,-0.06149040355715647,0.39263803680981596
frozenset({'母婴'}),frozenset({'电子产品'}),0.42782152230971127,0.42782152230971127,0.1679790026246719,0.39263803680981596,0.9177613007640484,1.0,-0.015052252326726856,0.9420716349850208,-0.1354031108632334,0.24427480916030536,-0.06149040355715647,0.39263803680981596
frozenset({'电子产品'}),frozenset({'母婴'}),0.42782152230971127,0.42782152230971127,0.1679790026246719,0.39263803680981596,0.9177613007640484,1.0,-0.015052252326726856,0.9420716349850208,-0.1354031108632334,0.24427480916030536,-0.06149040355715647,0.39263803680981596
frozenset({'汽车用品'}),frozenset({'电子产品'}),0.42782152230971127,0.42782152230971127,0.1679790026246719,0.39263803680981596,0.9177613007640484,1.0,-0.015052252326726856,0.9420716349850208,-0.1354031108632334,0.24427480916030536,-0.06149040355715647,0.39263803680981596
frozenset({'电子产品'}),frozenset({'汽车用品'}),0.42782152230971127,0.42782152230971127,0.1679790026246719,0.39263803680981596,0.9177613007640484,1.0,-0.015052252326726856,0.9420716349850208,-0.1354031108632334,0.24427480916030536,-0.06149040355715647,0.39263803680981596
frozenset({'玩具'}),frozenset({'电子产品'}),0.42782152230971127,0.42782152230971127,0.1679790026246719,0.39263803680981596,0.9177613007640484,1.0,-0.015052252326726856,0.9420716349850208,-0.1354031108632334,0.24427480916030536,-0.06149040355715647,0.39263803680981596
frozenset({'电子产品'}),frozenset({'玩具'}),0.42782152230971127,0.42782152230971127,0.1679790026246719,0.39263803680981596,0.9177613007640484,1.0,-0.015052252326726856,0.9420716349850208,-0.1354031108632334,0.24427480916030536,-0.06149040355715647,0.39263803680981596
frozenset({'运动户外'}),frozenset({'电子产品'}),0.42782152230971127,0.42782152230971127,0.1679790026246719,0.39263803680981596,0.9177613007640484,1.0,-0.015052252326726856,0.9420716349850208,-0.1354031108632334,0.24427480916030536,-0.06149040355715647,0.39263803680981596
frozenset({'电子产品'}),frozenset({'运动户外'}),0.42782152230971127,0.42782152230971127,0.1679790026246719,0.39263803680981596,0.9177613007640484,1.0,-0.015052252326726856,0.9420716349850208,-0.1354031108632334,0.24427480916030536,-0.06149040355715647,0.39263803680981596
frozenset({'食品'}),frozenset({'电子产品'}),0.42782152230971127,0.42782152230971127,0.1679790026246719,0.39263803680981596,0.9177613007640484,1.0,-0.015052252326726856,0.9420716349850208,-0.1354031108632334,0.24427480916030536,-0.06149040355715647,0.39263803680981596
frozenset({'电子产品'}),frozenset({'食品'}),0.42782152230971127,0.42782152230971127,0.1679790026246719,0.39263803680981596,0.9177613007640484,1.0,-0.015052252326726856,0.9420716349850208,-0.1354031108632334,0.24427480916030536,-0.06149040355715647,0.39263803680981596
"frozenset({'家居', '办公'})",frozenset({'电子产品'}),0.1679790026246719,0.42782152230971127,0.05774278215223097,0.34375,2.04638671875,1.0,-0.014122250466723149,0.8718910136232971,-0.22717198581560272,0.1073170731707317,-0.14693233944954123,0.23935966257668712
"frozenset({'家居', '电子产品'})",frozenset({'办公'}),0.1679790026246719,0.42782152230971127,0.05774278215223097,0.34375,2.04638671875,1.0,-0.014122250466723149,0.8718910136232971,-0.22717198581560272,0.1073170731707317,-0.14693233944954123,0.23935966257668712
"frozenset({'办公', '电子产品'})",frozenset({'家居'}),0.1679790026246719,0.42782152230971127,0.05774278215223097,0.34375,2.04638671875,1.0,-0.014122250466723149,0.8718910136232971,-0.22717198581560272,0.1073170731707317,-0.14693233944954123,0.23935966257668712
frozenset({'家居'}),"frozenset({'办公', '电子产品'})",0.42782152230971127,0.1679790026246719,0.05774278215223097,0.13496932515337423,0.3154804471376416,1.0,-0.014122250466723149,0.9618398763984289,-0.2994449313467717,0.1073170731707317,-0.039674091850360936,0.23935966257668712
frozenset({'办公'}),"frozenset({'家居', '电子产品'})",0.42782152230971127,0.1679790026246719,0.05774278215223097,0.13496932515337423,0.3154804471376416,1.0,-0.014122250466723149,0.9618398763984289,-0.2994449313467717,0.1073170731707317,-0.039674091850360936,0.23935966257668712
frozenset({'电子产品'}),"frozenset({'家居', '办公'})",0.42782152230971127,0.1679790026246719,0.05774278215223097,0.13496932515337423,0.3154804471376416,1.0,-0.014122250466723149,0.9618398763984289,-0.2994449313467717,0.1073170731707317,-0.039674091850360936,0.23935966257668712
"frozenset({'服装', '办公'})",frozenset({'电子产品'}),0.1679790026246719,0.42782152230971127,0.05774278215223097,0.34375,2.04638671875,1.0,-0.014122250466723149,0.8718910136232971,-0.22717198581560272,0.1073170731707317,-0.14693233944954123,0.23935966257668712
"frozenset({'服装', '电子产品'})",frozenset({'办公'}),0.1679790026246719,0.42782152230971127,0.05774278215223097,0.34375,2.04638671875,1.0,-0.014122250466723149,0.8718910136232971,-0.22717198581560272,0.1073170731707317,-0.14693233944954123,0.23935966257668712
"frozenset({'办公', '电子产品'})",frozenset({'服装'}),0.1679790026246719,0.42782152230971127,0.05774278215223097,0.34375,2.04638671875,1.0,-0.014122250466723149,0.8718910136232971,-0.22717198581560272,0.1073170731707317,-0.14693233944954123,0.23935966257668712
frozenset({'服装'}),"frozenset({'办公', '电子产品'})",0.42782152230971127,0.1679790026246719,0.05774278215223097,0.13496932515337423,0.3154804471376416,1.0,-0.014122250466723149,0.9618398763984289,-0.2994449313467717,0.1073170731707317,-0.039674091850360936,0.23935966257668712
frozenset({'办公'}),"frozenset({'服装', '电子产品'})",0.42782152230971127,0.1679790026246719,0.05774278215223097,0.13496932515337423,0.3154804471376416,1.0,-0.014122250466723149,0.9618398763984289,-0.2994449313467717,0.1073170731707317,-0.039674091850360936,0.23935966257668712
frozenset({'电子产品'}),"frozenset({'服装', '办公'})",0.42782152230971127,0.1679790026246719,0.05774278215223097,0.13496932515337423,0.3154804471376416,1.0,-0.014122250466723149,0.9618398763984289,-0.2994449313467717,0.1073170731707317,-0.039674091850360936,0.23935966257668712
"frozenset({'母婴', '办公'})",frozenset({'电子产品'}),0.1679790026246719,0.42782152230971127,0.05774278215223097,0.34375,2.04638671875,1.0,-0.014122250466723149,0.8718910136232971,-0.22717198581560272,0.1073170731707317,-0.14693233944954123,0.23935966257668712
"frozenset({'母婴', '电子产品'})",frozenset({'办公'}),0.1679790026246719,0.42782152230971127,0.05774278215223097,0.34375,2.04638671875,1.0,-0.014122250466723149,0.8718910136232971,-0.22717198581560272,0.1073170731707317,-0.14693233944954123,0.23935966257668712
"frozenset({'办公', '电子产品'})",frozenset({'母婴'}),0.1679790026246719,0.42782152230971127,0.05774278215223097,0.34375,2.04638671875,1.0,-0.014122250466723149,0.8718910136232971,-0.22717198581560272,0.1073170731707317,-0.14693233944954123,0.23935966257668712
frozenset({'母婴'}),"frozenset({'办公', '电子产品'})",0.42782152230971127,0.1679790026246719,0.05774278215223097,0.13496932515337423,0.3154804471376416,1.0,-0.014122250466723149,0.9618398763984289,-0.2994449313467717,0.1073170731707317,-0.039674091850360936,0.23935966257668712
frozenset({'办公'}),"frozenset({'母婴', '电子产品'})",0.42782152230971127,0.1679790026246719,0.05774278215223097,0.13496932515337423,0.3154804471376416,1.0,-0.014122250466723149,0.9618398763984289,-0.2994449313467717,0.1073170731707317,-0.039674091850360936,0.23935966257668712
frozenset({'电子产品'}),"frozenset({'母婴', '办公'})",0.42782152230971127,0.1679790026246719,0.05774278215223097,0.13496932515337423,0.3154804471376416,1.0,-0.014122250466723149,0.9618398763984289,-0.2994449313467717,0.1073170731707317,-0.039674091850360936,0.23935966257668712
"frozenset({'汽车用品', '办公'})",frozenset({'电子产品'}),0.1679790026246719,0.42782152230971127,0.05774278215223097,0.34375,2.04638671875,1.0,-0.014122250466723149,0.8718910136232971,-0.22717198581560272,0.1073170731707317,-0.14693233944954123,0.23935966257668712
"frozenset({'汽车用品', '电子产品'})",frozenset({'办公'}),0.1679790026246719,0.42782152230971127,0.05774278215223097,0.34375,2.04638671875,1.0,-0.014122250466723149,0.8718910136232971,-0.22717198581560272,0.1073170731707317,-0.14693233944954123,0.23935966257668712
"frozenset({'办公', '电子产品'})",frozenset({'汽车用品'}),0.1679790026246719,0.42782152230971127,0.05774278215223097,0.34375,2.04638671875,1.0,-0.014122250466723149,0.8718910136232971,-0.22717198581560272,0.1073170731707317,-0.14693233944954123,0.23935966257668712
frozenset({'汽车用品'}),"frozenset({'办公', '电子产品'})",0.42782152230971127,0.1679790026246719,0.05774278215223097,0.13496932515337423,0.3154804471376416,1.0,-0.014122250466723149,0.9618398763984289,-0.2994449313467717,0.1073170731707317,-0.039674091850360936,0.23935966257668712
frozenset({'办公'}),"frozenset({'汽车用品', '电子产品'})",0.42782152230971127,0.1679790026246719,0.05774278215223097,0.13496932515337423,0.3154804471376416,1.0,-0.014122250466723149,0.9618398763984289,-0.2994449313467717,0.1073170731707317,-0.039674091850360936,0.23935966257668712
frozenset({'电子产品'}),"frozenset({'汽车用品', '办公'})",0.42782152230971127,0.1679790026246719,0.05774278215223097,0.13496932515337423,0.3154804471376416,1.0,-0.014122250466723149,0.9618398763984289,-0.2994449313467717,0.1073170731707317,-0.039674091850360936,0.23935966257668712
"frozenset({'玩具', '办公'})",frozenset({'电子产品'}),0.1679790026246719,0.42782152230971127,0.05774278215223097,0.34375,2.04638671875,1.0,-0.014122250466723149,0.8718910136232971,-0.22717198581560272,0.1073170731707317,-0.14693233944954123,0.23935966257668712
"frozenset({'玩具', '电子产品'})",frozenset({'办公'}),0.1679790026246719,0.42782152230971127,0.05774278215223097,0.34375,2.04638671875,1.0,-0.014122250466723149,0.8718910136232971,-0.22717198581560272,0.1073170731707317,-0.14693233944954123,0.23935966257668712
"frozenset({'办公', '电子产品'})",frozenset({'玩具'}),0.1679790026246719,0.42782152230971127,0.05774278215223097,0.34375,2.04638671875,1.0,-0.014122250466723149,0.8718910136232971,-0.22717198581560272,0.1073170731707317,-0.14693233944954123,0.23935966257668712
frozenset({'玩具'}),"frozenset({'办公', '电子产品'})",0.42782152230971127,0.1679790026246719,0.05774278215223097,0.13496932515337423,0.3154804471376416,1.0,-0.014122250466723149,0.9618398763984289,-0.2994449313467717,0.1073170731707317,-0.039674091850360936,0.23935966257668712
frozenset({'办公'}),"frozenset({'玩具', '电子产品'})",0.42782152230971127,0.1679790026246719,0.05774278215223097,0.13496932515337423,0.3154804471376416,1.0,-0.014122250466723149,0.9618398763984289,-0.2994449313467717,0.1073170731707317,-0.039674091850360936,0.23935966257668712
frozenset({'电子产品'}),"frozenset({'玩具', '办公'})",0.42782152230971127,0.1679790026246719,0.05774278215223097,0.13496932515337423,0.3154804471376416,1.0,-0.014122250466723149,0.9618398763984289,-0.2994449313467717,0.1073170731707317,-0.039674091850360936,0.23935966257668712
"frozenset({'运动户外', '办公'})",frozenset({'电子产品'}),0.1679790026246719,0.42782152230971127,0.05774278215223097,0.34375,2.04638671875,1.0,-0.014122250466723149,0.8718910136232971,-0.22717198581560272,0.1073170731707317,-0.14693233944954123,0.23935966257668712
"frozenset({'运动户外', '电子产品'})",frozenset({'办公'}),0.1679790026246719,0.42782152230971127,0.05774278215223097,0.34375,2.04638671875,1.0,-0.014122250466723149,0.8718910136232971,-0.22717198581560272,0.1073170731707317,-0.14693233944954123,0.23935966257668712
"frozenset({'办公', '电子产品'})",frozenset({'运动户外'}),0.1679790026246719,0.42782152230971127,0.05774278215223097,0.34375,2.04638671875,1.0,-0.014122250466723149,0.8718910136232971,-0.22717198581560272,0.1073170731707317,-0.14693233944954123,0.23935966257668712
frozenset({'运动户外'}),"frozenset({'办公', '电子产品'})",0.42782152230971127,0.1679790026246719,0.05774278215223097,0.13496932515337423,0.3154804471376416,1.0,-0.014122250466723149,0.9618398763984289,-0.2994449313467717,0.1073170731707317,-0.039674091850360936,0.23935966257668712
frozenset({'办公'}),"frozenset({'运动户外', '电子产品'})",0.42782152230971127,0.1679790026246719,0.05774278215223097,0.13496932515337423,0.3154804471376416,1.0,-0.014122250466723149,0.9618398763984289,-0.2994449313467717,0.1073170731707317,-0.039674091850360936,0.23935966257668712
frozenset({'电子产品'}),"frozenset({'运动户外', '办公'})",0.42782152230971127,0.1679790026246719,0.05774278215223097,0.13496932515337423,0.3154804471376416,1.0,-0.014122250466723149,0.9618398763984289,-0.2994449313467717,0.1073170731707317,-0.039674091850360936,0.23935966257668712
"frozenset({'办公', '食品'})",frozenset({'电子产品'}),0.1679790026246719,0.42782152230971127,0.05774278215223097,0.34375,2.04638671875,1.0,-0.014122250466723149,0.8718910136232971,-0.22717198581560272,0.1073170731707317,-0.14693233944954123,0.23935966257668712
"frozenset({'办公', '电子产品'})",frozenset({'食品'}),0.1679790026246719,0.42782152230971127,0.05774278215223097,0.34375,2.04638671875,1.0,-0.014122250466723149,0.8718910136232971,-0.22717198581560272,0.1073170731707317,-0.14693233944954123,0.23935966257668712
"frozenset({'食品', '电子产品'})",frozenset({'办公'}),0.1679790026246719,0.42782152230971127,0.05774278215223097,0.34375,2.04638671875,1.0,-0.014122250466723149,0.8718910136232971,-0.22717198581560272,0.1073170731707317,-0.14693233944954123,0.23935966257668712
frozenset({'办公'}),"frozenset({'食品', '电子产品'})",0.42782152230971127,0.1679790026246719,0.05774278215223097,0.13496932515337423,0.3154804471376416,1.0,-0.014122250466723149,0.9618398763984289,-0.2994449313467717,0.1073170731707317,-0.039674091850360936,0.23935966257668712
frozenset({'食品'}),"frozenset({'办公', '电子产品'})",0.42782152230971127,0.1679790026246719,0.05774278215223097,0.13496932515337423,0.3154804471376416,1.0,-0.014122250466723149,0.9618398763984289,-0.2994449313467717,0.1073170731707317,-0.039674091850360936,0.23935966257668712
frozenset({'电子产品'}),"frozenset({'办公', '食品'})",0.42782152230971127,0.1679790026246719,0.05774278215223097,0.13496932515337423,0.3154804471376416,1.0,-0.014122250466723149,0.9618398763984289,-0.2994449313467717,0.1073170731707317,-0.039674091850360936,0.23935966257668712
"frozenset({'家居', '服装'})",frozenset({'电子产品'}),0.1679790026246719,0.42782152230971127,0.05774278215223097,0.34375,2.04638671875,1.0,-0.014122250466723149,0.8718910136232971,-0.22717198581560272,0.1073170731707317,-0.14693233944954123,0.23935966257668712
"frozenset({'家居', '电子产品'})",frozenset({'服装'}),0.1679790026246719,0.42782152230971127,0.05774278215223097,0.34375,2.04638671875,1.0,-0.014122250466723149,0.8718910136232971,-0.22717198581560272,0.1073170731707317,-0.14693233944954123,0.23935966257668712
"frozenset({'服装', '电子产品'})",frozenset({'家居'}),0.1679790026246719,0.42782152230971127,0.05774278215223097,0.34375,2.04638671875,1.0,-0.014122250466723149,0.8718910136232971,-0.22717198581560272,0.1073170731707317,-0.14693233944954123,0.23935966257668712
frozenset({'家居'}),"frozenset({'服装', '电子产品'})",0.42782152230971127,0.1679790026246719,0.05774278215223097,0.13496932515337423,0.3154804471376416,1.0,-0.014122250466723149,0.9618398763984289,-0.2994449313467717,0.1073170731707317,-0.039674091850360936,0.23935966257668712
frozenset({'服装'}),"frozenset({'家居', '电子产品'})",0.42782152230971127,0.1679790026246719,0.05774278215223097,0.13496932515337423,0.3154804471376416,1.0,-0.014122250466723149,0.9618398763984289,-0.2994449313467717,0.1073170731707317,-0.039674091850360936,0.23935966257668712
frozenset({'电子产品'}),"frozenset({'家居', '服装'})",0.42782152230971127,0.1679790026246719,0.05774278215223097,0.13496932515337423,0.3154804471376416,1.0,-0.014122250466723149,0.9618398763984289,-0.2994449313467717,0.1073170731707317,-0.039674091850360936,0.23935966257668712
"frozenset({'家居', '母婴'})",frozenset({'电子产品'}),0.1679790026246719,0.42782152230971127,0.05774278215223097,0.34375,2.04638671875,1.0,-0.014122250466723149,0.8718910136232971,-0.22717198581560272,0.1073170731707317,-0.14693233944954123,0.23935966257668712
"frozenset({'家居', '电子产品'})",frozenset({'母婴'}),0.1679790026246719,0.42782152230971127,0.05774278215223097,0.34375,2.04638671875,1.0,-0.014122250466723149,0.8718910136232971,-0.22717198581560272,0.1073170731707317,-0.14693233944954123,0.23935966257668712
"frozenset({'母婴', '电子产品'})",frozenset({'家居'}),0.1679790026246719,0.42782152230971127,0.05774278215223097,0.34375,2.04638671875,1.0,-0.014122250466723149,0.8718910136232971,-0.22717198581560272,0.1073170731707317,-0.14693233944954123,0.23935966257668712
frozenset({'家居'}),"frozenset({'母婴', '电子产品'})",0.42782152230971127,0.1679790026246719,0.05774278215223097,0.13496932515337423,0.3154804471376416,1.0,-0.014122250466723149,0.9618398763984289,-0.2994449313467717,0.1073170731707317,-0.039674091850360936,0.23935966257668712
frozenset({'母婴'}),"frozenset({'家居', '电子产品'})",0.42782152230971127,0.1679790026246719,0.05774278215223097,0.13496932515337423,0.3154804471376416,1.0,-0.014122250466723149,0.9618398763984289,-0.2994449313467717,0.1073170731707317,-0.039674091850360936,0.23935966257668712
frozenset({'电子产品'}),"frozenset({'家居', '母婴'})",0.42782152230971127,0.1679790026246719,0.05774278215223097,0.13496932515337423,0.3154804471376416,1.0,-0.014122250466723149,0.9618398763984289,-0.2994449313467717,0.1073170731707317,-0.039674091850360936,0.23935966257668712
"frozenset({'家居', '汽车用品'})",frozenset({'电子产品'}),0.1679790026246719,0.42782152230971127,0.05774278215223097,0.34375,2.04638671875,1.0,-0.014122250466723149,0.8718910136232971,-0.22717198581560272,0.1073170731707317,-0.14693233944954123,0.23935966257668712
"frozenset({'家居', '电子产品'})",frozenset({'汽车用品'}),0.1679790026246719,0.42782152230971127,0.05774278215223097,0.34375,2.04638671875,1.0,-0.014122250466723149,0.8718910136232971,-0.22717198581560272,0.1073170731707317,-0.14693233944954123,0.23935966257668712
"frozenset({'汽车用品', '电子产品'})",frozenset({'家居'}),0.1679790026246719,0.42782152230971127,0.05774278215223097,0.34375,2.04638671875,1.0,-0.014122250466723149,0.8718910136232971,-0.22717198581560272,0.1073170731707317,-0.14693233944954123,0.23935966257668712
frozenset({'家居'}),"frozenset({'汽车用品', '电子产品'})",0.42782152230971127,0.1679790026246719,0.05774278215223097,0.13496932515337423,0.3154804471376416,1.0,-0.014122250466723149,0.9618398763984289,-0.2994449313467717,0.1073170731707317,-0.039674091850360936,0.23935966257668712
frozenset({'汽车用品'}),"frozenset({'家居', '电子产品'})",0.42782152230971127,0.1679790026246719,0.05774278215223097,0.13496932515337423,0.3154804471376416,1.0,-0.014122250466723149,0.9618398763984289,-0.2994449313467717,0.1073170731707317,-0.039674091850360936,0.23935966257668712
frozenset({'电子产品'}),"frozenset({'家居', '汽车用品'})",0.42782152230971127,0.1679790026246719,0.05774278215223097,0.13496932515337423,0.3154804471376416,1.0,-0.014122250466723149,0.9618398763984289,-0.2994449313467717,0.1073170731707317,-0.039674091850360936,0.23935966257668712
"frozenset({'家居', '玩具'})",frozenset({'电子产品'}),0.1679790026246719,0.42782152230971127,0.05774278215223097,0.34375,2.04638671875,1.0,-0.014122250466723149,0.8718910136232971,-0.22717198581560272,0.1073170731707317,-0.14693233944954123,0.23935966257668712
"frozenset({'家居', '电子产品'})",frozenset({'玩具'}),0.1679790026246719,0.42782152230971127,0.05774278215223097,0.34375,2.04638671875,1.0,-0.014122250466723149,0.8718910136232971,-0.22717198581560272,0.1073170731707317,-0.14693233944954123,0.23935966257668712
"frozenset({'玩具', '电子产品'})",frozenset({'家居'}),0.1679790026246719,0.42782152230971127,0.05774278215223097,0.34375,2.04638671875,1.0,-0.014122250466723149,0.8718910136232971,-0.22717198581560272,0.1073170731707317,-0.14693233944954123,0.23935966257668712
frozenset({'家居'}),"frozenset({'玩具', '电子产品'})",0.42782152230971127,0.1679790026246719,0.05774278215223097,0.13496932515337423,0.3154804471376416,1.0,-0.014122250466723149,0.9618398763984289,-0.2994449313467717,0.1073170731707317,-0.039674091850360936,0.23935966257668712
frozenset({'玩具'}),"frozenset({'家居', '电子产品'})",0.42782152230971127,0.1679790026246719,0.05774278215223097,0.13496932515337423,0.3154804471376416,1.0,-0.014122250466723149,0.9618398763984289,-0.2994449313467717,0.1073170731707317,-0.039674091850360936,0.23935966257668712
frozenset({'电子产品'}),"frozenset({'家居', '玩具'})",0.42782152230971127,0.1679790026246719,0.05774278215223097,0.13496932515337423,0.3154804471376416,1.0,-0.014122250466723149,0.9618398763984289,-0.2994449313467717,0.1073170731707317,-0.039674091850360936,0.23935966257668712
"frozenset({'家居', '运动户外'})",frozenset({'电子产品'}),0.1679790026246719,0.42782152230971127,0.05774278215223097,0.34375,2.04638671875,1.0,-0.014122250466723149,0.8718910136232971,-0.22717198581560272,0.1073170731707317,-0.14693233944954123,0.23935966257668712
"frozenset({'家居', '电子产品'})",frozenset({'运动户外'}),0.1679790026246719,0.42782152230971127,0.05774278215223097,0.34375,2.04638671875,1.0,-0.014122250466723149,0.8718910136232971,-0.22717198581560272,0.1073170731707317,-0.14693233944954123,0.23935966257668712
"frozenset({'运动户外', '电子产品'})",frozenset({'家居'}),0.1679790026246719,0.42782152230971127,0.05774278215223097,0.34375,2.04638671875,1.0,-0.014122250466723149,0.8718910136232971,-0.22717198581560272,0.1073170731707317,-0.14693233944954123,0.23935966257668712
frozenset({'家居'}),"frozenset({'运动户外', '电子产品'})",0.42782152230971127,0.1679790026246719,0.05774278215223097,0.13496932515337423,0.3154804471376416,1.0,-0.014122250466723149,0.9618398763984289,-0.2994449313467717,0.1073170731707317,-0.039674091850360936,0.23935966257668712
frozenset({'运动户外'}),"frozenset({'家居', '电子产品'})",0.42782152230971127,0.1679790026246719,0.05774278215223097,0.13496932515337423,0.3154804471376416,1.0,-0.014122250466723149,0.9618398763984289,-0.2994449313467717,0.1073170731707317,-0.039674091850360936,0.23935966257668712
frozenset({'电子产品'}),"frozenset({'家居', '运动户外'})",0.42782152230971127,0.1679790026246719,0.05774278215223097,0.13496932515337423,0.3154804471376416,1.0,-0.014122250466723149,0.9618398763984289,-0.2994449313467717,0.1073170731707317,-0.039674091850360936,0.23935966257668712
"frozenset({'家居', '食品'})",frozenset({'电子产品'}),0.1679790026246719,0.42782152230971127,0.05774278215223097,0.34375,2.04638671875,1.0,-0.014122250466723149,0.8718910136232971,-0.22717198581560272,0.1073170731707317,-0.14693233944954123,0.23935966257668712
"frozenset({'家居', '电子产品'})",frozenset({'食品'}),0.1679790026246719,0.42782152230971127,0.05774278215223097,0.34375,2.04638671875,1.0,-0.014122250466723149,0.8718910136232971,-0.22717198581560272,0.1073170731707317,-0.14693233944954123,0.23935966257668712
"frozenset({'食品', '电子产品'})",frozenset({'家居'}),0.1679790026246719,0.42782152230971127,0.05774278215223097,0.34375,2.04638671875,1.0,-0.014122250466723149,0.8718910136232971,-0.22717198581560272,0.1073170731707317,-0.14693233944954123,0.23935966257668712
frozenset({'家居'}),"frozenset({'食品', '电子产品'})",0.42782152230971127,0.1679790026246719,0.05774278215223097,0.13496932515337423,0.3154804471376416,1.0,-0.014122250466723149,0.9618398763984289,-0.2994449313467717,0.1073170731707317,-0.039674091850360936,0.23935966257668712
frozenset({'食品'}),"frozenset({'家居', '电子产品'})",0.42782152230971127,0.1679790026246719,0.05774278215223097,0.13496932515337423,0.3154804471376416,1.0,-0.014122250466723149,0.9618398763984289,-0.2994449313467717,0.1073170731707317,-0.039674091850360936,0.23935966257668712
frozenset({'电子产品'}),"frozenset({'家居', '食品'})",0.42782152230971127,0.1679790026246719,0.05774278215223097,0.13496932515337423,0.3154804471376416,1.0,-0.014122250466723149,0.9618398763984289,-0.2994449313467717,0.1073170731707317,-0.039674091850360936,0.23935966257668712
"frozenset({'母婴', '服装'})",frozenset({'电子产品'}),0.1679790026246719,0.42782152230971127,0.05774278215223097,0.34375,2.04638671875,1.0,-0.014122250466723149,0.8718910136232971,-0.22717198581560272,0.1073170731707317,-0.14693233944954123,0.23935966257668712
"frozenset({'母婴', '电子产品'})",frozenset({'服装'}),0.1679790026246719,0.42782152230971127,0.05774278215223097,0.34375,2.04638671875,1.0,-0.014122250466723149,0.8718910136232971,-0.22717198581560272,0.1073170731707317,-0.14693233944954123,0.23935966257668712
"frozenset({'服装', '电子产品'})",frozenset({'母婴'}),0.1679790026246719,0.42782152230971127,0.05774278215223097,0.34375,2.04638671875,1.0,-0.014122250466723149,0.8718910136232971,-0.22717198581560272,0.1073170731707317,-0.14693233944954123,0.23935966257668712
frozenset({'母婴'}),"frozenset({'服装', '电子产品'})",0.42782152230971127,0.1679790026246719,0.05774278215223097,0.13496932515337423,0.3154804471376416,1.0,-0.014122250466723149,0.9618398763984289,-0.2994449313467717,0.1073170731707317,-0.039674091850360936,0.23935966257668712
frozenset({'服装'}),"frozenset({'母婴', '电子产品'})",0.42782152230971127,0.1679790026246719,0.05774278215223097,0.13496932515337423,0.3154804471376416,1.0,-0.014122250466723149,0.9618398763984289,-0.2994449313467717,0.1073170731707317,-0.039674091850360936,0.23935966257668712
frozenset({'电子产品'}),"frozenset({'母婴', '服装'})",0.42782152230971127,0.1679790026246719,0.05774278215223097,0.13496932515337423,0.3154804471376416,1.0,-0.014122250466723149,0.9618398763984289,-0.2994449313467717,0.1073170731707317,-0.039674091850360936,0.23935966257668712
"frozenset({'汽车用品', '服装'})",frozenset({'电子产品'}),0.1679790026246719,0.42782152230971127,0.05774278215223097,0.34375,2.04638671875,1.0,-0.014122250466723149,0.8718910136232971,-0.22717198581560272,0.1073170731707317,-0.14693233944954123,0.23935966257668712
"frozenset({'汽车用品', '电子产品'})",frozenset({'服装'}),0.1679790026246719,0.42782152230971127,0.05774278215223097,0.34375,2.04638671875,1.0,-0.014122250466723149,0.8718910136232971,-0.22717198581560272,0.1073170731707317,-0.14693233944954123,0.23935966257668712
"frozenset({'服装', '电子产品'})",frozenset({'汽车用品'}),0.1679790026246719,0.42782152230971127,0.05774278215223097,0.34375,2.04638671875,1.0,-0.014122250466723149,0.8718910136232971,-0.22717198581560272,0.1073170731707317,-0.14693233944954123,0.23935966257668712
frozenset({'汽车用品'}),"frozenset({'服装', '电子产品'})",0.42782152230971127,0.1679790026246719,0.05774278215223097,0.13496932515337423,0.3154804471376416,1.0,-0.014122250466723149,0.9618398763984289,-0.2994449313467717,0.1073170731707317,-0.039674091850360936,0.23935966257668712
frozenset({'服装'}),"frozenset({'汽车用品', '电子产品'})",0.42782152230971127,0.1679790026246719,0.05774278215223097,0.13496932515337423,0.3154804471376416,1.0,-0.014122250466723149,0.9618398763984289,-0.2994449313467717,0.1073170731707317,-0.039674091850360936,0.23935966257668712
frozenset({'电子产品'}),"frozenset({'汽车用品', '服装'})",0.42782152230971127,0.1679790026246719,0.05774278215223097,0.13496932515337423,0.3154804471376416,1.0,-0.014122250466723149,0.9618398763984289,-0.2994449313467717,0.1073170731707317,-0.039674091850360936,0.23935966257668712
"frozenset({'玩具', '服装'})",frozenset({'电子产品'}),0.1679790026246719,0.42782152230971127,0.05774278215223097,0.34375,2.04638671875,1.0,-0.014122250466723149,0.8718910136232971,-0.22717198581560272,0.1073170731707317,-0.14693233944954123,0.23935966257668712
"frozenset({'玩具', '电子产品'})",frozenset({'服装'}),0.1679790026246719,0.42782152230971127,0.05774278215223097,0.34375,2.04638671875,1.0,-0.014122250466723149,0.8718910136232971,-0.22717198581560272,0.1073170731707317,-0.14693233944954123,0.23935966257668712
"frozenset({'服装', '电子产品'})",frozenset({'玩具'}),0.1679790026246719,0.42782152230971127,0.05774278215223097,0.34375,2.04638671875,1.0,-0.014122250466723149,0.8718910136232971,-0.22717198581560272,0.1073170731707317,-0.14693233944954123,0.23935966257668712
frozenset({'玩具'}),"frozenset({'服装', '电子产品'})",0.42782152230971127,0.1679790026246719,0.05774278215223097,0.13496932515337423,0.3154804471376416,1.0,-0.014122250466723149,0.9618398763984289,-0.2994449313467717,0.1073170731707317,-0.039674091850360936,0.23935966257668712
frozenset({'服装'}),"frozenset({'玩具', '电子产品'})",0.42782152230971127,0.1679790026246719,0.05774278215223097,0.13496932515337423,0.3154804471376416,1.0,-0.014122250466723149,0.9618398763984289,-0.2994449313467717,0.1073170731707317,-0.039674091850360936,0.23935966257668712
frozenset({'电子产品'}),"frozenset({'玩具', '服装'})",0.42782152230971127,0.1679790026246719,0.05774278215223097,0.13496932515337423,0.3154804471376416,1.0,-0.014122250466723149,0.9618398763984289,-0.2994449313467717,0.1073170731707317,-0.039674091850360936,0.23935966257668712
"frozenset({'运动户外', '服装'})",frozenset({'电子产品'}),0.1679790026246719,0.42782152230971127,0.05774278215223097,0.34375,2.04638671875,1.0,-0.014122250466723149,0.8718910136232971,-0.22717198581560272,0.1073170731707317,-0.14693233944954123,0.23935966257668712
"frozenset({'运动户外', '电子产品'})",frozenset({'服装'}),0.1679790026246719,0.42782152230971127,0.05774278215223097,0.34375,2.04638671875,1.0,-0.014122250466723149,0.8718910136232971,-0.22717198581560272,0.1073170731707317,-0.14693233944954123,0.23935966257668712
"frozenset({'服装', '电子产品'})",frozenset({'运动户外'}),0.1679790026246719,0.42782152230971127,0.05774278215223097,0.34375,2.04638671875,1.0,-0.014122250466723149,0.8718910136232971,-0.22717198581560272,0.1073170731707317,-0.14693233944954123,0.23935966257668712
frozenset({'运动户外'}),"frozenset({'服装', '电子产品'})",0.42782152230971127,0.1679790026246719,0.05774278215223097,0.13496932515337423,0.3154804471376416,1.0,-0.014122250466723149,0.9618398763984289,-0.2994449313467717,0.1073170731707317,-0.039674091850360936,0.23935966257668712
frozenset({'服装'}),"frozenset({'运动户外', '电子产品'})",0.42782152230971127,0.1679790026246719,0.05774278215223097,0.13496932515337423,0.3154804471376416,1.0,-0.014122250466723149,0.9618398763984289,-0.2994449313467717,0.1073170731707317,-0.039674091850360936,0.23935966257668712
frozenset({'电子产品'}),"frozenset({'运动户外', '服装'})",0.42782152230971127,0.1679790026246719,0.05774278215223097,0.13496932515337423,0.3154804471376416,1.0,-0.014122250466723149,0.9618398763984289,-0.2994449313467717,0.1073170731707317,-0.039674091850360936,0.23935966257668712
"frozenset({'服装', '食品'})",frozenset({'电子产品'}),0.1679790026246719,0.42782152230971127,0.05774278215223097,0.34375,2.04638671875,1.0,-0.014122250466723149,0.8718910136232971,-0.22717198581560272,0.1073170731707317,-0.14693233944954123,0.23935966257668712
"frozenset({'服装', '电子产品'})",frozenset({'食品'}),0.1679790026246719,0.42782152230971127,0.05774278215223097,0.34375,2.04638671875,1.0,-0.014122250466723149,0.8718910136232971,-0.22717198581560272,0.1073170731707317,-0.14693233944954123,0.23935966257668712
"frozenset({'食品', '电子产品'})",frozenset({'服装'}),0.1679790026246719,0.42782152230971127,0.05774278215223097,0.34375,2.04638671875,1.0,-0.014122250466723149,0.8718910136232971,-0.22717198581560272,0.1073170731707317,-0.14693233944954123,0.23935966257668712
frozenset({'服装'}),"frozenset({'食品', '电子产品'})",0.42782152230971127,0.1679790026246719,0.05774278215223097,0.13496932515337423,0.3154804471376416,1.0,-0.014122250466723149,0.9618398763984289,-0.2994449313467717,0.1073170731707317,-0.039674091850360936,0.23935966257668712
frozenset({'食品'}),"frozenset({'服装', '电子产品'})",0.42782152230971127,0.1679790026246719,0.05774278215223097,0.13496932515337423,0.3154804471376416,1.0,-0.014122250466723149,0.9618398763984289,-0.2994449313467717,0.1073170731707317,-0.039674091850360936,0.23935966257668712
frozenset({'电子产品'}),"frozenset({'服装', '食品'})",0.42782152230971127,0.1679790026246719,0.05774278215223097,0.13496932515337423,0.3154804471376416,1.0,-0.014122250466723149,0.9618398763984289,-0.2994449313467717,0.1073170731707317,-0.039674091850360936,0.23935966257668712
"frozenset({'汽车用品', '母婴'})",frozenset({'电子产品'}),0.1679790026246719,0.42782152230971127,0.05774278215223097,0.34375,2.04638671875,1.0,-0.014122250466723149,0.8718910136232971,-0.22717198581560272,0.1073170731707317,-0.14693233944954123,0.23935966257668712
"frozenset({'汽车用品', '电子产品'})",frozenset({'母婴'}),0.1679790026246719,0.42782152230971127,0.05774278215223097,0.34375,2.04638671875,1.0,-0.014122250466723149,0.8718910136232971,-0.22717198581560272,0.1073170731707317,-0.14693233944954123,0.23935966257668712
"frozenset({'母婴', '电子产品'})",frozenset({'汽车用品'}),0.1679790026246719,0.42782152230971127,0.05774278215223097,0.34375,2.04638671875,1.0,-0.014122250466723149,0.8718910136232971,-0.22717198581560272,0.1073170731707317,-0.14693233944954123,0.23935966257668712
frozenset({'汽车用品'}),"frozenset({'母婴', '电子产品'})",0.42782152230971127,0.1679790026246719,0.05774278215223097,0.13496932515337423,0.3154804471376416,1.0,-0.014122250466723149,0.9618398763984289,-0.2994449313467717,0.1073170731707317,-0.039674091850360936,0.23935966257668712
frozenset({'母婴'}),"frozenset({'汽车用品', '电子产品'})",0.42782152230971127,0.1679790026246719,0.05774278215223097,0.13496932515337423,0.3154804471376416,1.0,-0.014122250466723149,0.9618398763984289,-0.2994449313467717,0.1073170731707317,-0.039674091850360936,0.23935966257668712
frozenset({'电子产品'}),"frozenset({'汽车用品', '母婴'})",0.42782152230971127,0.1679790026246719,0.05774278215223097,0.13496932515337423,0.3154804471376416,1.0,-0.014122250466723149,0.9618398763984289,-0.2994449313467717,0.1073170731707317,-0.039674091850360936,0.23935966257668712
"frozenset({'玩具', '母婴'})",frozenset({'电子产品'}),0.1679790026246719,0.42782152230971127,0.05774278215223097,0.34375,2.04638671875,1.0,-0.014122250466723149,0.8718910136232971,-0.22717198581560272,0.1073170731707317,-0.14693233944954123,0.23935966257668712
"frozenset({'玩具', '电子产品'})",frozenset({'母婴'}),0.1679790026246719,0.42782152230971127,0.05774278215223097,0.34375,2.04638671875,1.0,-0.014122250466723149,0.8718910136232971,-0.22717198581560272,0.1073170731707317,-0.14693233944954123,0.23935966257668712
"frozenset({'母婴', '电子产品'})",frozenset({'玩具'}),0.1679790026246719,0.42782152230971127,0.05774278215223097,0.34375,2.04638671875,1.0,-0.014122250466723149,0.8718910136232971,-0.22717198581560272,0.1073170731707317,-0.14693233944954123,0.23935966257668712
frozenset({'玩具'}),"frozenset({'母婴', '电子产品'})",0.42782152230971127,0.1679790026246719,0.05774278215223097,0.13496932515337423,0.3154804471376416,1.0,-0.014122250466723149,0.9618398763984289,-0.2994449313467717,0.1073170731707317,-0.039674091850360936,0.23935966257668712
frozenset({'母婴'}),"frozenset({'玩具', '电子产品'})",0.42782152230971127,0.1679790026246719,0.05774278215223097,0.13496932515337423,0.3154804471376416,1.0,-0.014122250466723149,0.9618398763984289,-0.2994449313467717,0.1073170731707317,-0.039674091850360936,0.23935966257668712
frozenset({'电子产品'}),"frozenset({'玩具', '母婴'})",0.42782152230971127,0.1679790026246719,0.05774278215223097,0.13496932515337423,0.3154804471376416,1.0,-0.014122250466723149,0.9618398763984289,-0.2994449313467717,0.1073170731707317,-0.039674091850360936,0.23935966257668712
"frozenset({'运动户外', '母婴'})",frozenset({'电子产品'}),0.1679790026246719,0.42782152230971127,0.05774278215223097,0.34375,2.04638671875,1.0,-0.014122250466723149,0.8718910136232971,-0.22717198581560272,0.1073170731707317,-0.14693233944954123,0.23935966257668712
"frozenset({'运动户外', '电子产品'})",frozenset({'母婴'}),0.1679790026246719,0.42782152230971127,0.05774278215223097,0.34375,2.04638671875,1.0,-0.014122250466723149,0.8718910136232971,-0.22717198581560272,0.1073170731707317,-0.14693233944954123,0.23935966257668712
"frozenset({'母婴', '电子产品'})",frozenset({'运动户外'}),0.1679790026246719,0.42782152230971127,0.05774278215223097,0.34375,2.04638671875,1.0,-0.014122250466723149,0.8718910136232971,-0.22717198581560272,0.1073170731707317,-0.14693233944954123,0.23935966257668712
frozenset({'运动户外'}),"frozenset({'母婴', '电子产品'})",0.42782152230971127,0.1679790026246719,0.05774278215223097,0.13496932515337423,0.3154804471376416,1.0,-0.014122250466723149,0.9618398763984289,-0.2994449313467717,0.1073170731707317,-0.039674091850360936,0.23935966257668712
frozenset({'母婴'}),"frozenset({'运动户外', '电子产品'})",0.42782152230971127,0.1679790026246719,0.05774278215223097,0.13496932515337423,0.3154804471376416,1.0,-0.014122250466723149,0.9618398763984289,-0.2994449313467717,0.1073170731707317,-0.039674091850360936,0.23935966257668712
frozenset({'电子产品'}),"frozenset({'运动户外', '母婴'})",0.42782152230971127,0.1679790026246719,0.05774278215223097,0.13496932515337423,0.3154804471376416,1.0,-0.014122250466723149,0.9618398763984289,-0.2994449313467717,0.1073170731707317,-0.039674091850360936,0.23935966257668712
"frozenset({'母婴', '食品'})",frozenset({'电子产品'}),0.1679790026246719,0.42782152230971127,0.05774278215223097,0.34375,2.04638671875,1.0,-0.014122250466723149,0.8718910136232971,-0.22717198581560272,0.1073170731707317,-0.14693233944954123,0.23935966257668712
"frozenset({'母婴', '电子产品'})",frozenset({'食品'}),0.1679790026246719,0.42782152230971127,0.05774278215223097,0.34375,2.04638671875,1.0,-0.014122250466723149,0.8718910136232971,-0.22717198581560272,0.1073170731707317,-0.14693233944954123,0.23935966257668712
"frozenset({'食品', '电子产品'})",frozenset({'母婴'}),0.1679790026246719,0.42782152230971127,0.05774278215223097,0.34375,2.04638671875,1.0,-0.014122250466723149,0.8718910136232971,-0.22717198581560272,0.1073170731707317,-0.14693233944954123,0.23935966257668712
frozenset({'母婴'}),"frozenset({'食品', '电子产品'})",0.42782152230971127,0.1679790026246719,0.05774278215223097,0.13496932515337423,0.3154804471376416,1.0,-0.014122250466723149,0.9618398763984289,-0.2994449313467717,0.1073170731707317,-0.039674091850360936,0.23935966257668712
frozenset({'食品'}),"frozenset({'母婴', '电子产品'})",0.42782152230971127,0.1679790026246719,0.05774278215223097,0.13496932515337423,0.3154804471376416,1.0,-0.014122250466723149,0.9618398763984289,-0.2994449313467717,0.1073170731707317,-0.039674091850360936,0.23935966257668712
frozenset({'电子产品'}),"frozenset({'母婴', '食品'})",0.42782152230971127,0.1679790026246719,0.05774278215223097,0.13496932515337423,0.3154804471376416,1.0,-0.014122250466723149,0.9618398763984289,-0.2994449313467717,0.1073170731707317,-0.039674091850360936,0.23935966257668712
"frozenset({'玩具', '汽车用品'})",frozenset({'电子产品'}),0.1679790026246719,0.42782152230971127,0.05774278215223097,0.34375,2.04638671875,1.0,-0.014122250466723149,0.8718910136232971,-0.22717198581560272,0.1073170731707317,-0.14693233944954123,0.23935966257668712
"frozenset({'玩具', '电子产品'})",frozenset({'汽车用品'}),0.1679790026246719,0.42782152230971127,0.05774278215223097,0.34375,2.04638671875,1.0,-0.014122250466723149,0.8718910136232971,-0.22717198581560272,0.1073170731707317,-0.14693233944954123,0.23935966257668712
"frozenset({'汽车用品', '电子产品'})",frozenset({'玩具'}),0.1679790026246719,0.42782152230971127,0.05774278215223097,0.34375,2.04638671875,1.0,-0.014122250466723149,0.8718910136232971,-0.22717198581560272,0.1073170731707317,-0.14693233944954123,0.23935966257668712
frozenset({'玩具'}),"frozenset({'汽车用品', '电子产品'})",0.42782152230971127,0.1679790026246719,0.05774278215223097,0.13496932515337423,0.3154804471376416,1.0,-0.014122250466723149,0.9618398763984289,-0.2994449313467717,0.1073170731707317,-0.039674091850360936,0.23935966257668712
frozenset({'汽车用品'}),"frozenset({'玩具', '电子产品'})",0.42782152230971127,0.1679790026246719,0.05774278215223097,0.13496932515337423,0.3154804471376416,1.0,-0.014122250466723149,0.9618398763984289,-0.2994449313467717,0.1073170731707317,-0.039674091850360936,0.23935966257668712
frozenset({'电子产品'}),"frozenset({'玩具', '汽车用品'})",0.42782152230971127,0.1679790026246719,0.05774278215223097,0.13496932515337423,0.3154804471376416,1.0,-0.014122250466723149,0.9618398763984289,-0.2994449313467717,0.1073170731707317,-0.039674091850360936,0.23935966257668712
"frozenset({'运动户外', '汽车用品'})",frozenset({'电子产品'}),0.1679790026246719,0.42782152230971127,0.05774278215223097,0.34375,2.04638671875,1.0,-0.014122250466723149,0.8718910136232971,-0.22717198581560272,0.1073170731707317,-0.14693233944954123,0.23935966257668712
"frozenset({'运动户外', '电子产品'})",frozenset({'汽车用品'}),0.1679790026246719,0.42782152230971127,0.05774278215223097,0.34375,2.04638671875,1.0,-0.014122250466723149,0.8718910136232971,-0.22717198581560272,0.1073170731707317,-0.14693233944954123,0.23935966257668712
"frozenset({'汽车用品', '电子产品'})",frozenset({'运动户外'}),0.1679790026246719,0.42782152230971127,0.05774278215223097,0.34375,2.04638671875,1.0,-0.014122250466723149,0.8718910136232971,-0.22717198581560272,0.1073170731707317,-0.14693233944954123,0.23935966257668712
frozenset({'运动户外'}),"frozenset({'汽车用品', '电子产品'})",0.42782152230971127,0.1679790026246719,0.05774278215223097,0.13496932515337423,0.3154804471376416,1.0,-0.014122250466723149,0.9618398763984289,-0.2994449313467717,0.1073170731707317,-0.039674091850360936,0.23935966257668712
frozenset({'汽车用品'}),"frozenset({'运动户外', '电子产品'})",0.42782152230971127,0.1679790026246719,0.05774278215223097,0.13496932515337423,0.3154804471376416,1.0,-0.014122250466723149,0.9618398763984289,-0.2994449313467717,0.1073170731707317,-0.039674091850360936,0.23935966257668712
frozenset({'电子产品'}),"frozenset({'运动户外', '汽车用品'})",0.42782152230971127,0.1679790026246719,0.05774278215223097,0.13496932515337423,0.3154804471376416,1.0,-0.014122250466723149,0.9618398763984289,-0.2994449313467717,0.1073170731707317,-0.039674091850360936,0.23935966257668712
"frozenset({'汽车用品', '食品'})",frozenset({'电子产品'}),0.1679790026246719,0.42782152230971127,0.05774278215223097,0.34375,2.04638671875,1.0,-0.014122250466723149,0.8718910136232971,-0.22717198581560272,0.1073170731707317,-0.14693233944954123,0.23935966257668712
"frozenset({'汽车用品', '电子产品'})",frozenset({'食品'}),0.1679790026246719,0.42782152230971127,0.05774278215223097,0.34375,2.04638671875,1.0,-0.014122250466723149,0.8718910136232971,-0.22717198581560272,0.1073170731707317,-0.14693233944954123,0.23935966257668712
"frozenset({'食品', '电子产品'})",frozenset({'汽车用品'}),0.1679790026246719,0.42782152230971127,0.05774278215223097,0.34375,2.04638671875,1.0,-0.014122250466723149,0.8718910136232971,-0.22717198581560272,0.1073170731707317,-0.14693233944954123,0.23935966257668712
frozenset({'汽车用品'}),"frozenset({'食品', '电子产品'})",0.42782152230971127,0.1679790026246719,0.05774278215223097,0.13496932515337423,0.3154804471376416,1.0,-0.014122250466723149,0.9618398763984289,-0.2994449313467717,0.1073170731707317,-0.039674091850360936,0.23935966257668712
frozenset({'食品'}),"frozenset({'汽车用品', '电子产品'})",0.42782152230971127,0.1679790026246719,0.05774278215223097,0.13496932515337423,0.3154804471376416,1.0,-0.014122250466723149,0.9618398763984289,-0.2994449313467717,0.1073170731707317,-0.039674091850360936,0.23935966257668712
frozenset({'电子产品'}),"frozenset({'汽车用品', '食品'})",0.42782152230971127,0.1679790026246719,0.05774278215223097,0.13496932515337423,0.3154804471376416,1.0,-0.014122250466723149,0.9618398763984289,-0.2994449313467717,0.1073170731707317,-0.039674091850360936,0.23935966257668712
"frozenset({'玩具', '运动户外'})",frozenset({'电子产品'}),0.1679790026246719,0.42782152230971127,0.05774278215223097,0.34375,2.04638671875,1.0,-0.014122250466723149,0.8718910136232971,-0.22717198581560272,0.1073170731707317,-0.14693233944954123,0.23935966257668712
"frozenset({'玩具', '电子产品'})",frozenset({'运动户外'}),0.1679790026246719,0.42782152230971127,0.05774278215223097,0.34375,2.04638671875,1.0,-0.014122250466723149,0.8718910136232971,-0.22717198581560272,0.1073170731707317,-0.14693233944954123,0.23935966257668712
"frozenset({'运动户外', '电子产品'})",frozenset({'玩具'}),0.1679790026246719,0.42782152230971127,0.05774278215223097,0.34375,2.04638671875,1.0,-0.014122250466723149,0.8718910136232971,-0.22717198581560272,0.1073170731707317,-0.14693233944954123,0.23935966257668712
frozenset({'玩具'}),"frozenset({'运动户外', '电子产品'})",0.42782152230971127,0.1679790026246719,0.05774278215223097,0.13496932515337423,0.3154804471376416,1.0,-0.014122250466723149,0.9618398763984289,-0.2994449313467717,0.1073170731707317,-0.039674091850360936,0.23935966257668712
frozenset({'运动户外'}),"frozenset({'玩具', '电子产品'})",0.42782152230971127,0.1679790026246719,0.05774278215223097,0.13496932515337423,0.3154804471376416,1.0,-0.014122250466723149,0.9618398763984289,-0.2994449313467717,0.1073170731707317,-0.039674091850360936,0.23935966257668712
frozenset({'电子产品'}),"frozenset({'玩具', '运动户外'})",0.42782152230971127,0.1679790026246719,0.05774278215223097,0.13496932515337423,0.3154804471376416,1.0,-0.014122250466723149,0.9618398763984289,-0.2994449313467717,0.1073170731707317,-0.039674091850360936,0.23935966257668712
"frozenset({'玩具', '食品'})",frozenset({'电子产品'}),0.1679790026246719,0.42782152230971127,0.05774278215223097,0.34375,2.04638671875,1.0,-0.014122250466723149,0.8718910136232971,-0.22717198581560272,0.1073170731707317,-0.14693233944954123,0.23935966257668712
"frozenset({'玩具', '电子产品'})",frozenset({'食品'}),0.1679790026246719,0.42782152230971127,0.05774278215223097,0.34375,2.04638671875,1.0,-0.014122250466723149,0.8718910136232971,-0.22717198581560272,0.1073170731707317,-0.14693233944954123,0.23935966257668712
"frozenset({'食品', '电子产品'})",frozenset({'玩具'}),0.1679790026246719,0.42782152230971127,0.05774278215223097,0.34375,2.04638671875,1.0,-0.014122250466723149,0.8718910136232971,-0.22717198581560272,0.1073170731707317,-0.14693233944954123,0.23935966257668712
frozenset({'玩具'}),"frozenset({'食品', '电子产品'})",0.42782152230971127,0.1679790026246719,0.05774278215223097,0.13496932515337423,0.3154804471376416,1.0,-0.014122250466723149,0.9618398763984289,-0.2994449313467717,0.1073170731707317,-0.039674091850360936,0.23935966257668712
frozenset({'食品'}),"frozenset({'玩具', '电子产品'})",0.42782152230971127,0.1679790026246719,0.05774278215223097,0.13496932515337423,0.3154804471376416,1.0,-0.014122250466723149,0.9618398763984289,-0.2994449313467717,0.1073170731707317,-0.039674091850360936,0.23935966257668712
frozenset({'电子产品'}),"frozenset({'玩具', '食品'})",0.42782152230971127,0.1679790026246719,0.05774278215223097,0.13496932515337423,0.3154804471376416,1.0,-0.014122250466723149,0.9618398763984289,-0.2994449313467717,0.1073170731707317,-0.039674091850360936,0.23935966257668712
"frozenset({'运动户外', '食品'})",frozenset({'电子产品'}),0.1679790026246719,0.42782152230971127,0.05774278215223097,0.34375,2.04638671875,1.0,-0.014122250466723149,0.8718910136232971,-0.22717198581560272,0.1073170731707317,-0.14693233944954123,0.23935966257668712
"frozenset({'运动户外', '电子产品'})",frozenset({'食品'}),0.1679790026246719,0.42782152230971127,0.05774278215223097,0.34375,2.04638671875,1.0,-0.014122250466723149,0.8718910136232971,-0.22717198581560272,0.1073170731707317,-0.14693233944954123,0.23935966257668712
"frozenset({'食品', '电子产品'})",frozenset({'运动户外'}),0.1679790026246719,0.42782152230971127,0.05774278215223097,0.34375,2.04638671875,1.0,-0.014122250466723149,0.8718910136232971,-0.22717198581560272,0.1073170731707317,-0.14693233944954123,0.23935966257668712
frozenset({'运动户外'}),"frozenset({'食品', '电子产品'})",0.42782152230971127,0.1679790026246719,0.05774278215223097,0.13496932515337423,0.3154804471376416,1.0,-0.014122250466723149,0.9618398763984289,-0.2994449313467717,0.1073170731707317,-0.039674091850360936,0.23935966257668712
frozenset({'食品'}),"frozenset({'运动户外', '电子产品'})",0.42782152230971127,0.1679790026246719,0.05774278215223097,0.13496932515337423,0.3154804471376416,1.0,-0.014122250466723149,0.9618398763984289,-0.2994449313467717,0.1073170731707317,-0.039674091850360936,0.23935966257668712
frozenset({'电子产品'}),"frozenset({'运动户外', '食品'})",0.42782152230971127,0.1679790026246719,0.05774278215223097,0.13496932515337423,0.3154804471376416,1.0,-0.014122250466723149,0.9618398763984289,-0.2994449313467717,0.1073170731707317,-0.039674091850360936,0.23935966257668712
